"growth.rate","sex"
2.350874335,"f"
3.148173559,"f"
4.423852931,"f"
3.027499621,"f"
5.285108403,"f"
4.260954913,"f"
3.862106084,"f"
3.955181039,"f"
3.044307782,"f"
3.111763697,"f"
4.842597624,"f"
4.36259229,"f"
3.888784107,"m"
3.960037772,"m"
5.742290286,"m"
4.061629942,"m"
5.478983004,"m"
4.303407161,"m"
5.586468488,"m"
6.918344272,"m"
5.270420973,"m"
6.569411852,"m"
6.405129788,"m"
5.990972601,"m"
