"growth.rate","sex"
4.870958803,"f"
3.897731347,"f"
5.830881925,"f"
4.049527754,"f"
4.623400317,"f"
5.625844909,"f"
3.358051334,"f"
5.633479467,"f"
4.613174755,"f"
2.23021006,"f"
3.104322517,"f"
4.762764289,"f"
5.244230091,"m"
4.795048308,"m"
5.380755443,"m"
3.973059861,"m"
4.632224111,"m"
5.284316226,"m"
2.015706722,"m"
3.467041808,"m"
5.028927385,"m"
2.553241161,"m"
2.592765531,"m"
1.761603478,"m"
