"growth.rate","sex"
2.919085587,"f"
2.49290403,"f"
3.021804251,"f"
2.3027171,"f"
3.195969626,"f"
2.829021095,"f"
2.634182102,"f"
3.513746393,"f"
3.714657446,"f"
2.200592859,"f"
2.233799598,"f"
3.357183631,"f"
2.319406055,"m"
2.098190677,"m"
3.541968991,"m"
3.610532158,"m"
2.24765071,"m"
3.388947185,"m"
2.480983544,"m"
3.950709949,"m"
2.133731304,"m"
2.3071735,"m"
2.96227354,"m"
2.69976154,"m"
